Feature,Importance
gdate_time,28.263413288411012
ed_time,17.592205061465243
time_to_surgery,14.519730143908243
cogstat,4.746664257715297
cogassess,4.102689728758081
addelassess,3.687313444704897
dresidence,2.754445055129689
age,2.5994182207707976
wdest,2.2911095866525164
mobil2,2.0498157203577616
fop2,1.932904310624166
ward_time,1.8779096972651321
malnutrition,1.810520215709543
fresidence2,1.0111361783286454
frailty,0.9499965216266291
