Model,Accuracy,AUC-ROC,AUC-PR,Sensitivity/Recall,Specificity,Precision,F1-Score,TP,FP,FN,TN,y_pred,y_pred_proba,cm,classification_report
CatBoost,0.755724579663731,0.8075507965949962,0.7107995788010009,0.6970260223048327,0.7928870292887029,0.6805807622504537,0.6887052341597796,3375,1584,1467,6064,[0 1 1 ... 1 0 1],[0.06325546 0.6086499  0.69920057 ... 0.77360699 0.31739525 0.77225313],"[[6064 1584]
 [1467 3375]]","{'No Delirium': {'precision': 0.805205152038242, 'recall': 0.7928870292887029, 'f1-score': 0.7989986165096515, 'support': 7648.0}, 'Delirium': {'precision': 0.6805807622504537, 'recall': 0.6970260223048327, 'f1-score': 0.6887052341597796, 'support': 4842.0}, 'accuracy': 0.755724579663731, 'macro avg': {'precision': 0.7428929571443479, 'recall': 0.7449565257967679, 'f1-score': 0.7438519253347156, 'support': 12490.0}, 'weighted avg': {'precision': 0.7568919978867231, 'recall': 0.755724579663731, 'f1-score': 0.7562411659621671, 'support': 12490.0}}"
XGBoost,0.7516413130504404,0.8076244093695506,0.7134030837236727,0.6877323420074349,0.792102510460251,0.676829268292683,0.6822372464658882,3330,1590,1512,6058,[0 1 1 ... 1 0 1],[0.0751723  0.5939067  0.6656605  ... 0.77315414 0.39388654 0.751184  ],"[[6058 1590]
 [1512 3330]]","{'No Delirium': {'precision': 0.8002642007926024, 'recall': 0.792102510460251, 'f1-score': 0.796162439216717, 'support': 7648.0}, 'Delirium': {'precision': 0.676829268292683, 'recall': 0.6877323420074349, 'f1-score': 0.6822372464658881, 'support': 4842.0}, 'accuracy': 0.7516413130504404, 'macro avg': {'precision': 0.7385467345426426, 'recall': 0.739917426233843, 'f1-score': 0.7391998428413026, 'support': 12490.0}, 'weighted avg': {'precision': 0.7524121637097674, 'recall': 0.7516413130504404, 'f1-score': 0.7519970442367719, 'support': 12490.0}}"
